{"chunk_definitions":[{"row":9,"row_count":1,"visible":true,"expansion_state":0,"options":{"engine":"r","label":"setup","include":false,"dev":"png"},"document_id":"7DF647D1","chunk_id":"csetup_chunk","chunk_label":"setup"},{"row":26,"row_count":1,"visible":true,"expansion_state":0,"options":{"engine":"r","label":"unnamed-chunk-20","dev":"png"},"document_id":"7DF647D1","chunk_id":"c0wwuc6gylbuc","chunk_label":"unnamed-chunk-1"},{"row":44,"row_count":1,"visible":true,"expansion_state":0,"options":{"engine":"r","label":"unnamed-chunk-23","dev":"png"},"document_id":"7DF647D1","chunk_id":"ci2kg3ioyticx","chunk_label":"unnamed-chunk-4"},{"row":150,"row_count":1,"visible":true,"expansion_state":0,"options":{"engine":"r","label":"unnamed-chunk-29","dev":"png"},"document_id":"7DF647D1","chunk_id":"cw4p2bk8gmfbi","chunk_label":"unnamed-chunk-10"}],"doc_write_time":1714140653,"working_dir":null,"default_chunk_options":{"echo":false},"chunk_rendered_width":529}