{"chunk_definitions":[{"row":11,"row_count":1,"visible":true,"expansion_state":0,"options":{"engine":"r","label":"setup","include":false,"dev":"png"},"document_id":"7153DCAF","chunk_id":"csetup_chunk","chunk_label":"setup"},{"row":17,"row_count":1,"visible":true,"expansion_state":0,"options":{"engine":"r","label":"unnamed-chunk-1","dev":"png"},"document_id":"7153DCAF","chunk_id":"cq1xttugs2fyf","chunk_label":"unnamed-chunk-1"},{"row":23,"row_count":1,"visible":true,"expansion_state":0,"options":{"engine":"r","label":"unnamed-chunk-2","dev":"png"},"document_id":"7153DCAF","chunk_id":"cd0g45c5s2ur2","chunk_label":"unnamed-chunk-2"},{"row":29,"row_count":1,"visible":true,"expansion_state":0,"options":{"engine":"r","label":"unnamed-chunk-3","dev":"png"},"document_id":"7153DCAF","chunk_id":"ccbgc51gm41sd","chunk_label":"unnamed-chunk-3"},{"row":35,"row_count":1,"visible":true,"expansion_state":0,"options":{"engine":"r","label":"unnamed-chunk-7","dev":"png"},"document_id":"7153DCAF","chunk_id":"c9j458dd05xsc","chunk_label":"unnamed-chunk-4"},{"row":158,"row_count":1,"visible":true,"expansion_state":0,"options":{"engine":"r","label":"unnamed-chunk-1","dev":"png"},"document_id":"7153DCAF","chunk_id":"cufuk5ettgh64","chunk_label":"unnamed-chunk-11"}],"doc_write_time":1714003301,"chunk_rendered_width":700,"working_dir":null,"default_chunk_options":{"echo":true}}